Авто;Марка;Модель;Номер;Год;Цвет;Кузов;Двигатель;Мощность;Топливо;Бак;Расход;Категория;Мест;Дверей;Кондиционер;Салон;Крыша;Стеклоподъемники;Подушки;Сторона руля;Круиз;Камера ЗВ;Парктроник;Радио;CD;MP3;USB;AUX;Bluetooth;Дата ТО;Сутки;Залог;Мин возраст;Мин стаж;Страховка;Договор Страх;Кутаиси;Тбилиси;Батуми;ЦРМ;РУ сайт;АНГ сайт;VIN;Партнер;Свидетельство;Коробка;Привод
Buick Encore HW816HW;Buick;Encore;HW816HW;2018;Белый;crossover;1,4;153;Benzin;53;8,4;b;5;4;Кондиционер;Кожа;Обычная;4;6;left_wheel;Есть;Есть;Есть;Есть;Нет;Есть;Есть;Есть;Есть;10.07.2027;12;100;21;1;47;AUT 0000-47144;https://partner.localrent.com/cars/54690/edit/;https://partner.localrent.com/cars/51905/edit/;https://partner.localrent.com/cars/54724/edit/;https://web.rentprog.ru/cars/38147;https://geodrive.info/geotbilisi/tproduct/734711274011;https://en.geodrive.info/geotbilisi/tproduct/731423358811;KL4CJESB4KB788000;;AJA2238458;Автомат;Полный;
Buick Encore PM279MM;Buick;Encore;PM279MM;2016;Белый;crossover;1,4;153;Benzin;53;8,4;b;5;4;Кондиционер;Кожа;Обычная;4;6;left_wheel;Есть;Есть;Есть;Есть;Есть;Есть;Есть;Есть;Есть;05.12.2025;12;100;21;1;44,69;AUT 0000-58369;https://partner.localrent.com/cars/51909/edit/;https://partner.localrent.com/cars/54679/edit/;https://partner.localrent.com/cars/54710/edit/;https://web.rentprog.ru/cars/38204;https://geodrive.info/geotbilisi/tproduct/350853785981;https://en.geodrive.info/geotbilisi/tproduct/678385318801;KL4CJESB4HB034264;;AJA2236729;Автомат;Полный;
BMW 328i UQ165QQ;BMW;328i;UQ165QQ;2014;Красный;sedan;2;184;Benzin;60;5,9;b;5;4;Кондиционер;Кожа;Люк;4;6;left_wheel;Есть;Есть;Есть;Есть;Нет;Есть;Есть;Есть;Есть;13.08.2026;16;100;21;1;41,25;AUT 0000-57895;https://partner.localrent.com/cars/51461/edit/;https://partner.localrent.com/cars/54673/edit/;https://partner.localrent.com/cars/54660/edit/;https://web.rentprog.ru/cars/37470;https://geodrive.info/geotbilisi/tproduct/647803366151;https://en.geodrive.info/geotbilisi/tproduct/606838917701;WBA3A5C5XFF607508;;AJA2137619;Автомат;Задний;
Chevrolet Cruze LT QQ726LQ;Chevrolet;Cruze LT;QQ726LQ;2016;Красный;sedan;1,4;155;Benzin;51;7,3;b;5;4;Кондиционер;Ткань;Обычная;4;4;left_wheel;Есть;Есть;Есть;Есть;Нет;Нет;Есть;Есть;Есть;10.07.2026;10;100;21;0;39,2;AUT 0000-58308;https://partner.localrent.com/cars/51671/edit/;https://partner.localrent.com/cars/53627/edit/;https://partner.localrent.com/cars/54715/edit/;https://web.rentprog.ru/cars/37591;https://geodrive.info/geotbilisi/tproduct/203435781091;https://en.geodrive.info/geotbilisi/tproduct/877972763611;1G1BE5SM6H7199882;;AJ3541398;Автомат;Передний;
Ford Fiesta JG722GJ;Ford;Fiesta;JG722GJ;2016;Серый;sedan;1,6;105;Benzin;40;5,9;b;5;4;Кондиционер;Ткань;Люк;4;6;left_wheel;Нет;Нет;Нет;Есть;Нет;Есть;Есть;Есть;Нет;10.04.2026;9;100;21;1;46,9;AUT 0000-49916;https://partner.localrent.com/cars/52229/edit/;https://partner.localrent.com/cars/51912/edit/;https://partner.localrent.com/cars/54662/edit/;https://web.rentprog.ru/cars/37469;https://geodrive.info/geotbilisi/tproduct/690897373231;https://en.geodrive.info/geotbilisi/tproduct/753690999101;3FADP4BJ4GM185807;;AJA1661519;Автомат;Передний;
Ford Fiesta SE BB542QB;Ford;Fiesta SE;BB542QB;2015;Серый;hatchback;1,6;105;Benzin;40;5,9;b;5;4;Кондиционер;Ткань;Обычная;4;4;left_wheel;Нет;Нет;Нет;Есть;Нет;Есть;Есть;Есть;Нет;10.09.2026;9;100;21;1;34,4;AUT 0000-57482;https://partner.localrent.com/cars/54684/edit/;https://partner.localrent.com/cars/51274/edit/;https://partner.localrent.com/cars/54718/edit/;https://web.rentprog.ru/cars/37389;https://geodrive.info/geotbilisi/tproduct/753309187351;https://en.geodrive.info/geotbilisi/tproduct/974919743311;3FADP4EJ4FM208237;;AJA1961801;Автомат;Передний;
Honda Fit LL393DL ;Honda;Fit;LL393DL ;2014;Серебряный;hatchback;1,5;130;Benzin;40;6,5;b;5;4;Кондиционер;Ткань;Обычная;4;4;left_wheel;Нет;Есть;Есть;Есть;Нет;Нет;Есть;Есть;Есть;24.09.2026;9;100;21;0;37,8;AUT 0000-58307;https://partner.localrent.com/cars/51652/edit/;https://partner.localrent.com/cars/54674/edit/;https://partner.localrent.com/cars/54704/edit/;https://web.rentprog.ru/cars/37471;https://geodrive.info/geotbilisi/tproduct/866994012101;https://en.geodrive.info/geotbilisi/tproduct/561346718821;3HGGK5H88FM746087;;AJ3560785;Автомат;Передний;
Hyundai Tucson EE377EI;Hyundai;Tucson;EE377EI;2016;Черный;crossover;1,6;177;Benzin;62;7,5;b;5;4;Кондиционер;Ткань;Обычная;4;6;left_wheel;Есть;Есть;Нет;Есть;Нет;Есть;Есть;Есть;Есть;20.03.2026;16;100;21;0;65,29;AUT 0000-58370;https://partner.localrent.com/cars/54693/edit/;https://partner.localrent.com/cars/51992/edit/;https://partner.localrent.com/cars/54726/edit/;https://web.rentprog.ru/cars/38203;https://geodrive.info/geotbilisi/tproduct/840495947171;https://en.geodrive.info/geotbilisi/tproduct/162802512501;KM8J3CA21HU386635;;AJA2235685;Автомат;Полный;
Hyundai Veloster II179IE;Hyundai;Veloster;II179IE;2016;Желтый;hatchback;1,6;132;Benzin;50;8;b;4;4;Кондиционер;Ткань;Обычная;4;4;left_wheel;Есть;Есть;Есть;Есть;Нет;Есть;Есть;Есть;Есть;13.11.2025;10;100;21;2;36,49;AUT 0000-58372;https://partner.localrent.com/cars/54692/edit/;https://partner.localrent.com/cars/51983/edit/;https://partner.localrent.com/cars/54725/edit/;https://web.rentprog.ru/cars/38202;https://geodrive.info/geotbilisi/tproduct/104965697021;https://en.geodrive.info/geotbilisi/tproduct/738576732431;KMHTC6AD7HU306265;;AJA2238764;Автомат;Передний;
Hyundai Veloster MM423QM;Hyundai;Veloster;MM423QM;2014;Оранжевый;hatchback;1,6;132;Benzin;50;8;b;5;2;Кондиционер;Кожа;Обычная;4;4;left_wheel;Есть;Есть;Есть;Есть;Нет;Есть;Есть;Есть;Есть;26.06.2026;10;100;21;2;31;AUT 0000-58077;https://partner.localrent.com/cars/51457/edit/;https://partner.localrent.com/cars/54672/edit/;https://partner.localrent.com/cars/54700/edit/;https://web.rentprog.ru/cars/37468;https://geodrive.info/geotbilisi/tproduct/648834619171;https://en.geodrive.info/geotbilisi/tproduct/101410235651;KMHTC6AD5FU223172;;AJA0317005;Автомат;Передний;
Kia Soul AH270HA ;Kia;Soul;AH270HA ;2014;Синий;hatchback;1,6;132;Benzin;54;7;b;5;4;Климат 1-зонный;Кожа;Обычная;4;4;left_wheel;Есть;Есть;Есть;Есть;Нет;Есть;Есть;Есть;Есть;08.09.2026;11;100;21;0;41,25;AUT 0000-55345;https://partner.localrent.com/cars/54681/edit/;https://partner.localrent.com/cars/49946/edit/;https://partner.localrent.com/cars/54716/edit/;https://web.rentprog.ru/cars/37379;https://geodrive.info/geotbilisi/tproduct/480943571011;https://en.geodrive.info/geotbilisi/tproduct/422043886761;KNAJP811BF7162909;;AQA0187215;Автомат;Передний;
Kia Soul ON475NN ;Kia;Soul;ON475NN ;2013;Белый;hatchback;1,6;124;Benzin;54;6,9;b;5;4;Кондиционер;Ткань;Обычная;4;4;left_wheel;Нет;Нет;Нет;Есть;Нет;Есть;Есть;Есть;Есть;03.09.2026;10;100;21;2;41,25;AUT 0000-57897;https://partner.localrent.com/cars/51251/edit/;https://partner.localrent.com/cars/53623/edit/;https://partner.localrent.com/cars/54663/edit/;https://web.rentprog.ru/cars/37434;https://geodrive.info/geotbilisi/tproduct/740156811691;https://en.geodrive.info/geotbilisi/tproduct/617702352891;KNDJN2A24E7037956;;AJA2132606;Автомат;Передний;
Kia Soul XX202JJ ;Kia;Soul;XX202JJ ;2014;Черный;hatchback;1,6;132;Benzin;54;7;b;5;4;Климат 1-зонный;Кожа;Обычная;4;6;left_wheel;Есть;Есть;Есть;Есть;Есть;Есть;Есть;Есть;Есть;24.08.2026;11;100;21;0;41,25;AUT 0000-57485;https://partner.localrent.com/cars/52198/edit/;https://partner.localrent.com/cars/51265/edit/;https://partner.localrent.com/cars/54695/edit/;https://web.rentprog.ru/cars/37387;https://geodrive.info/geotbilisi/tproduct/413991060751;https://en.geodrive.info/geotbilisi/tproduct/372427904161;KNAJP811BF7092297;;AQA0244872;Автомат;Передний;
Kia Sportage JQ680QQ ;Kia;Sportage;JQ680QQ ;2012;Белый;crossover;2;184;Dizel;55;7,1;b;5;4;Климат 2-зонный;Кожа;Обычная;4;4;left_wheel;Есть;Есть;Есть;Есть;Нет;Есть;Есть;Есть;Есть;01.09.2026;11;100;21;0;41,5;AUT 0000-55347;https://partner.localrent.com/cars/54682/edit/;https://partner.localrent.com/cars/51266/edit/;https://partner.localrent.com/cars/54717/edit/;https://web.rentprog.ru/cars/37399;https://geodrive.info/geotbilisi/tproduct/981063381521;https://en.geodrive.info/geotbilisi/tproduct/983521555151;KNAPB813BDK424111;;AQA0212363;Автомат;Передний;
Kia Sportage TT948GG ;Kia;Sportage;TT948GG ;2015;Белый;crossover;2;185;Dizel;62;6,3;b;5;4;Климат. 4 зоны;Кожа;Обычная;4;6;left_wheel;Есть;Есть;Нет;Есть;Нет;Есть;Есть;Есть;Есть;28.05.2026;14;100;21;0;65,3;AUT 0000-54025;https://partner.localrent.com/cars/52353/edit/;https://partner.localrent.com/cars/51268/edit/;https://partner.localrent.com/cars/54713/edit/;https://web.rentprog.ru/cars/37401;https://geodrive.info/geotbilisi/tproduct/152731752822;https://en.geodrive.info/geotbilisi/tproduct/995418779702;KNAPR813DGK007810;;AJA1576692;Автомат;Полный;
Mazda 3 MM207LM/;Mazda;3;MM207LM/;2014;Черный;sedan;2;155;Benzin;51;6,9;b;5;4;Кондиционер;Ткань;Обычная;4;6;left_wheel;Нет;Нет;Нет;Есть;Есть;Есть;Есть;Есть;Есть;07.07.2026;10;100;21;2;43,29;AUT 0000-58367;https://partner.localrent.com/cars/52147/edit/;https://partner.localrent.com/cars/54680/edit/;https://partner.localrent.com/cars/54711/edit/;https://web.rentprog.ru/cars/37503;https://geodrive.info/geotbilisi/tproduct/814937632111;https://en.geodrive.info/geotbilisi/tproduct/193600709281;3MZBM1U73FM174741;;AJ3584434;Автомат;Передний;
Mini Cooper S Countryman GP919GG;Mini;Cooper S Countryman;GP919GG;2014;Красный;crossover;1,6;184;Benzin;47;6,7;b;5;4;Кондиционер;Кожа;Люк;4;4;left_wheel;Нет;Нет;Нет;Есть;Нет;Есть;Нет;Есть;Есть;01.04.2025;12;200;21;0;37,5;AUT 0000-51541;https://partner.localrent.com/cars/53312/edit/;https://partner.localrent.com/cars/54668/edit/;https://partner.localrent.com/cars/54696/edit/;https://web.rentprog.ru/cars/39736;https://geodrive.info/geotbilisi/tproduct/792048145751;https://en.geodrive.info/geotbilisi/tproduct/155630135941;WMWZC5C53EWM17861;;AQA0362967;Механика;Полный;
Nissan Pathfinder LL760ZZ;Nissan;Pathfinder;LL760ZZ;2017;Серый;crossover;3,5;284;Benzin;74;10,7;b;7;4;Климат. 4 зоны;Кожа;Люк;4;8;left_wheel;Есть;Есть;Нет;Есть;Нет;Есть;Есть;Есть;Есть;02.02.2026;19;100;21;2;68,75;AUT 0000-55809;https://partner.localrent.com/cars/54687/edit/;https://partner.localrent.com/cars/51271/edit/;https://partner.localrent.com/cars/54721/edit/;https://web.rentprog.ru/cars/37409;https://geodrive.info/geotbilisi/tproduct/650807090231;https://en.geodrive.info/geotbilisi/tproduct/605039478931;5N1DR2MMXHC913029;;AQA0230840;Автомат;Передний;
Nissan Quest JJ477LJ;Nissan;Quest;JJ477LJ;2017;Черный;minivan;3,5;260;Benzin;76;9,8;b;7;4;Климат. 4 зоны;Кожа;Обычная;4;6;left_wheel;Есть;Есть;Нет;Есть;Нет;Есть;Есть;Есть;Есть;13.05.2025;18;100;21;0;55;AUT 0000-48973;https://partner.localrent.com/cars/51707/edit/;https://partner.localrent.com/cars/51267/edit/;https://partner.localrent.com/cars/54707/edit/;https://web.rentprog.ru/cars/37402;https://geodrive.info/geotbilisi/tproduct/855109400921;https://en.geodrive.info/geotbilisi/tproduct/689968803301;JN8AE2KP6H9168636;;AJA1502367;Автомат;Передний;
Subaru Forester PQ523PQ;Subaru;Forester;PQ523PQ;2014;Серый;crossover;2,5;171;Benzin;60;8,2;b;5;4;Кондиционер;Ткань;Люк;4;6;left_wheel;Есть;Есть;Есть;Есть;Нет;Есть;Есть;Есть;Есть;01.11.2025;14;100;21;2;37,5;AUT 0000-58310;https://partner.localrent.com/cars/51653/edit/;https://partner.localrent.com/cars/54675/edit/;https://partner.localrent.com/cars/54705/edit/;https://web.rentprog.ru/cars/37472;https://geodrive.info/geotbilisi/tproduct/683872163761;https://en.geodrive.info/geotbilisi/tproduct/366962756071;JF2SJAGC1FH519453;;AJ3540371;Автомат;Полный;
Subaru Forester Limited BZ390ZB;Subaru;Forester Limited;BZ390ZB;2017;Голубой;crossover;2,5;171;Benzin;60;8,3;b;5;4;Климат 2-зонный;Кожа;Люк;4;6;left_wheel;Есть;Есть;Есть;Есть;Нет;Есть;Есть;Есть;Есть;03.09.2026;14;100;21;2;37,5;AUT 0000-58309;https://partner.localrent.com/cars/51729/edit/;https://partner.localrent.com/cars/54677/edit/;https://partner.localrent.com/cars/54661/edit/;https://web.rentprog.ru/cars/38000;https://geodrive.info/geotbilisi/tproduct/198597390401;https://en.geodrive.info/geotbilisi/tproduct/169894881101;JF2SJARCXJH489780;;AJA0296009;Автомат;Полный;
Toyota Prius GG134HG;Toyota;Prius;GG134HG;2013;Белый;hatchback;1,8;99;Hybrid;45;3,9;b;5;4;Кондиционер;Кожа;Обычная;4;6;left_wheel;Есть;Есть;Есть;Есть;Нет;Есть;Есть;Есть;Есть;25.11.2025;9;100;21;2;34,4;AUT 0000-58076;https://partner.localrent.com/cars/54689/edit/;https://partner.localrent.com/cars/51904/edit/;https://partner.localrent.com/cars/54723/edit/;https://web.rentprog.ru/cars/37501;https://geodrive.info/geotbilisi/tproduct/209878400731;https://en.geodrive.info/geotbilisi/tproduct/507535787131;JTDKN3DU8D1644368;;AJA2138549;Автомат;Передний;
Toyota Prius ZR350RZ;Toyota;Prius;ZR350RZ;2013;Белый;hatchback;1,8;99;Hybrid;45;3,9;b;5;4;Кондиционер;Кожа;Обычная;4;6;left_wheel;Есть;Есть;Есть;Есть;Нет;Есть;Есть;Есть;Есть;20.06.2026;9;100;21;2;34,4;AUT 0000-57894;https://partner.localrent.com/cars/51440/edit/;https://partner.localrent.com/cars/54670/edit/;https://partner.localrent.com/cars/54698/edit/;https://web.rentprog.ru/cars/37435;https://geodrive.info/geotbilisi/tproduct/988389809441;https://en.geodrive.info/geotbilisi/tproduct/883546249561;JTDKN3DU5D1643548;;AJA2117820;Автомат;Передний;
Volkswagen Jetta HG541HG;Volkswagen;Jetta;HG541HG;2015;Серый;sedan;1,8;170;Benzin;55;7;b;5;4;Кондиционер;Кожа;Обычная;4;4;left_wheel;Есть;Есть;Есть;Есть;Нет;Нет;Есть;Есть;Есть;08.09.2026;11;100;21;2;34,4;AUT 0000-52964;https://partner.localrent.com/cars/54685/edit/;https://partner.localrent.com/cars/49944/edit/;https://partner.localrent.com/cars/54719/edit/;https://web.rentprog.ru/cars/37400;https://geodrive.info/geotbilisi/tproduct/678463243251;https://en.geodrive.info/geotbilisi/tproduct/991490191551;3VWD17AJ1GM226115;;AJA0890654;Автомат;Передний;
Volkswagen Passat MM228LM;Volkswagen;Passat;MM228LM;2015;Серый;sedan;2;190;Dizel;66;7,7;b;5;4;Климат 1-зонный;Кожа;Люк;4;6;left_wheel;Есть;Есть;Есть;Есть;Нет;Есть;Есть;Есть;Есть;13.02.2026;12;100;21;2;53;AUT 0000-58368;https://partner.localrent.com/cars/51654/edit/;https://partner.localrent.com/cars/54676/edit/;https://partner.localrent.com/cars/54706/edit/;https://web.rentprog.ru/cars/37473;https://geodrive.info/geotbilisi/tproduct/219728902451;https://en.geodrive.info/geotbilisi/tproduct/257679073441;1VWBV7A31FC094230;;AJ3594248;Робот;Передний;
Volkswagen Tiguan BB681BF ;Volkswagen;Tiguan;BB681BF ;2013;Серебряный;crossover;2;170;Benzin;64;9;b;5;4;Кондиционер;Кожа;Обычная;4;6;left_wheel;Есть;Нет;Нет;Есть;Нет;Есть;Есть;Есть;Есть;28.05.2026;12;100;21;2;48;AUT 0000-55727;https://partner.localrent.com/cars/54694/edit/;https://partner.localrent.com/cars/51275/edit/;https://partner.localrent.com/cars/54444/edit/;https://web.rentprog.ru/cars/37407;https://geodrive.info/geotbilisi/tproduct/212345899591;https://en.geodrive.info/geotbilisi/tproduct/810107528491;WVGAV3AX1EW519321;;AJA2002996;Автомат;Полный;
Volkswagen Tiguan XX299UU ;Volkswagen;Tiguan;XX299UU ;2018;Белый;crossover;2;187;Benzin;60;10,2;b;7;4;Кондиционер;Ткань;Обычная;4;8;left_wheel;Есть;Есть;Нет;Есть;Нет;Есть;Есть;Есть;Есть;10.09.2027;17;100;21;2;68,75;AUT 0000-55810;https://partner.localrent.com/cars/54686/edit/;https://partner.localrent.com/cars/51270/edit/;https://partner.localrent.com/cars/54720/edit/;https://web.rentprog.ru/cars/37405;https://geodrive.info/geotbilisi/tproduct/159839060441;https://en.geodrive.info/geotbilisi/tproduct/981797071901;3VV1B7AX5JM108603;;AJA1629663;Автомат;Передний;
Volkswagen Tiguan UU630UL/;Volkswagen;Tiguan;UU630UL/;2019;Белый;crossover;2;187;Benzin;58;9,8;b;7;4;Климат 2-зонный;Кожа;Обычная;4;6;left_wheel;Есть;Есть;Есть;Есть;Есть;Есть;Есть;Есть;Есть;04.08.2027;18;100;21;2;69,49;AUT 0000-58365;https://partner.localrent.com/cars/51899/edit/;https://partner.localrent.com/cars/54678/edit/;https://partner.localrent.com/cars/54709/edit/;https://web.rentprog.ru/cars/38191;https://geodrive.info/geotbilisi/tproduct/990023306651;https://en.geodrive.info/geotbilisi/tproduct/880473456061;3VV3B7AX2LM082411;;AJA5100180;Автомат;Передний;
Mazda CX-5 GG225WG;Mazda;CX-5;GG225WG;2016;Красный;crossover;2,5;192;Benzin;58;7,3;b;5;4;Кондиционер;Кожа;Люк;4;6;left_wheel;Есть;Есть;Есть;Есть;Нет;Есть;Есть;Есть;Есть;08.09.2025;14;100;21;0;65,3;AUT 0000-51422;https://partner.localrent.com/cars/55294/edit/;https://partner.localrent.com/cars/55293/edit/;https://partner.localrent.com/cars/55295/edit/;https://web.rentprog.ru/cars/41954;https://geodrive.info/geotbilisi/tproduct/963044828571;https://en.geodrive.info/geotbilisi/tproduct/366934386081;JM3KE2DY5G0916521;Марина Харгелия;AJA1564425;Автомат;Передний;
Mercedes CLA 250 ZZ041BZ;Mercedes;CLA 250;ZZ041BZ;2014;Красный;sedan;2;211;Benzin;50;5,9;b;5;4;Кондиционер;Кожа;Обычная;4;6;left_wheel;Есть;Есть;Нет;Есть;Нет;Есть;Есть;Есть;Есть;22.05.2026;15;100;21;2;55;AUT 0000-51322;https://partner.localrent.com/cars/56830/edit/;https://partner.localrent.com/cars/56831/edit/;https://partner.localrent.com/cars/56828/edit/;https://web.rentprog.ru/cars/43112;https://geodrive.info/geotbilisi/tproduct/227115555631;https://en.geodrive.info/geotbilisi/tproduct/931863560531;WDDSJ4EB7FN174527;Алексей Дидонов;AJA3148182;Автомат;Передний;
Volkswagen Beetle WW080UU/;Volkswagen;Beetle;WW080UU/;2013;Серый;cabriolet;2;200;Benzin;55;7,8;b;5;4;Кондиционер;Кожа;Мягкая складная автоматическая;4;6;left_wheel;Есть;Нет;Есть;Есть;Нет;Есть;Есть;Есть;Есть;23.06.2026;17;100;21;2;41,25;AUT 0000-51321;https://partner.localrent.com/cars/57097/edit/;https://partner.localrent.com/cars/57108/edit/;https://partner.localrent.com/cars/57080/edit/;https://web.rentprog.ru/cars/43116;https://geodrive.info/geotbilisi/tproduct/732435779861;https://en.geodrive.info/geotbilisi/tproduct/565947779251;3VW767AT6DM813714;Алексей Дидонов;AQA0454656;Робот;Передний;
Volkswagen Tiguan RR307QQ/;Volkswagen;Tiguan;RR307QQ/;2011;Серый;crossover;2;180;Benzin;64;8,7;b;5;4;Кондиционер;Ткань;Обычная;4;6;left_wheel;Есть;Нет;Есть;Есть;Нет;Есть;Есть;Есть;Нет;19.02.2026;12;100;21;2;41,25;AUT 0000-51320;https://partner.localrent.com/cars/57100/edit/;https://partner.localrent.com/cars/57110/edit/;https://partner.localrent.com/cars/57087/edit/;https://web.rentprog.ru/cars/43110;https://geodrive.info/geotbilisi/tproduct/338278062751;https://en.geodrive.info/geotbilisi/tproduct/224764788661;WVGZZZ5NZCW028160;Алексей Дидонов;AJA3136143;Автомат;Полный;
Volkswagen Tiguan LB713BB/;Volkswagen;Tiguan;LB713BB/;2011;Серый;crossover;2;170;Benzin;64;8,7;b;5;4;Кондиционер;Кожа;Люк;4;6;left_wheel;Есть;Нет;Есть;Есть;Есть;Есть;Есть;Есть;Есть;20.01.2026;12;100;21;2;41,25;AUT 0000-51324;https://partner.localrent.com/cars/57106/edit/;https://partner.localrent.com/cars/57107/edit/;https://partner.localrent.com/cars/57093/edit/;https://web.rentprog.ru/cars/42976;https://geodrive.info/geotbilisi/tproduct/955968355911;https://en.geodrive.info/geotbilisi/tproduct/668096093691;WVGBV7AX3CW004331;Алексей Дидонов;BVA0620363;Автомат;Полный;
BMW 328i HH587MH;BMW;328i;HH587MH;2012;Красный;sedan;2;218;Benzin;62;7,5;b;5;4;Кондиционер;Кожа;Люк;4;2;left_wheel;Есть;Есть;Есть;Есть;Есть;Нет;Есть;Есть;Есть;13.02.2026;15;100;21;1;42;AUT 0000-52167;https://partner.localrent.com/cars/59722/edit/;https://partner.localrent.com/cars/60291/edit/;https://partner.localrent.com/cars/60240/edit/;https://web.rentprog.ru/cars/43117;https://geodrive.info/geotbilisi/tproduct/776631241041;https://en.geodrive.info/geotbilisi/tproduct/606838917701;WBA3A5C56CF343182;Алексей Дидонов;AJA3114816;Автомат;Задний;
Volkswagen Tiguan PZ432ZP;Volkswagen;Tiguan;PZ432ZP;2012;Серебряный;crossover;2;170;Benzin;64;7,9;b;5;4;Кондиционер;Ткань;Обычная;4;2;left_wheel;Есть;Нет;Есть;Есть;Есть;Есть;Есть;Есть;Нет;01.11.2026;12;100;21;2;41,25;AUT 0000-51323;https://partner.localrent.com/cars/59673/edit/;https://partner.localrent.com/cars/59153/edit/;https://partner.localrent.com/cars/59467/edit/;https://web.rentprog.ru/cars/43172;https://geodrive.info/geotbilisi/tproduct/573534181551;https://en.geodrive.info/geotbilisi/tproduct/247824257531;WVGZZZ5NZCW583326;Алексей Дидонов;AJA3136810;Автомат;Полный;
Mini Cooper RL630RL;Mini;Cooper;RL630RL;2016;Синий;cabriolet;1,6;139;Benzin;45;6,5;b;4;2;Климат 2-зонный;Кожа-спорт;Мягкая складная автоматическая;2;4;left_wheel;Есть;Есть;Есть;Есть;Нет;Есть;Есть;Есть;Есть;24.05.2026;19;100;21;2;55;AUT 0000-52967;https://partner.localrent.com/cars/62481/edit/;https://partner.localrent.com/cars/61860/edit/;https://partner.localrent.com/cars/62676/edit/;https://web.rentprog.ru/cars/42291;https://geodrive.info/geotbilisi/tproduct/239292553532;https://en.geodrive.info/geotbilisi/tproduct/997427904552;WMWWG5C58G3C19615;;AJA3058015;Автомат;Передний;
Kia Soul DC348DC;Kia;Soul;DC348DC;2015;Черный;hatchback;1,6;132;Benzin;54;7;b;5;4;Климат 1-зонный;Кожа;Обычная;4;4;left_wheel;Есть;Есть;Есть;Есть;Нет;Есть;Есть;Есть;Есть;26.08.2026;11;100;21;1;44,7;AUT 0000-51325;https://partner.localrent.com/cars/59098/edit/;https://partner.localrent.com/cars/59011/edit/;https://partner.localrent.com/cars/59101/edit/;https://web.rentprog.ru/cars/43958;https://geodrive.info/geotbilisi/tproduct/938258955201;https://en.geodrive.info/geotbilisi/tproduct/620581657541;KNDJN2A2XF7216486;;AJA3310703;Автомат;Передний;
Mazda 6 NN626CC;Mazda;6;NN626CC;2013;Серебряный;sedan;2,5;190;Benzin;62;7,9;b;5;4;Климат 1-зонный;Ткань;Обычная;4;6;left_wheel;Есть;Есть;Есть;Есть;Нет;Есть;Есть;Есть;Есть;17.09.2026;12;100;21;1;41,25;AUT 0000-51326;https://partner.localrent.com/cars/59099/edit/;https://partner.localrent.com/cars/59012/edit/;https://partner.localrent.com/cars/59100/edit/;https://web.rentprog.ru/cars/43960;https://geodrive.info/geotbilisi/tproduct/877060190621;https://en.geodrive.info/geotbilisi/tproduct/267637014361;JM1GJ1U66E1132729;Михаил Повх;AJA3317728;Автомат;Передний;
Kia Sportage RR350FR;Kia;Sportage;RR350FR;2017;Серый;crossover;2,4;184;Benzin;60;7,9;b;5;4;Кондиционер;Ткань;Обычная;4;4;left_wheel;Есть;Есть;Есть;Есть;Есть;Нет;Есть;Есть;Есть;26.10.2027;14;100;21;2;61,9;AUT 0000-51327;https://partner.localrent.com/cars/59381/edit/;https://partner.localrent.com/cars/59142/edit/;https://partner.localrent.com/cars/59466/edit/;https://web.rentprog.ru/cars/44168;https://geodrive.info/geotbilisi/tproduct/219256327891;https://en.geodrive.info/geotbilisi/tproduct/577498658171;KNDPMCAC5J7380135;Никишова Мария;AJA3355117;Автомат;Полный;
Kia Carnival YQ691QY;Kia;Carnival;YQ691QY;2015;Черный;minivan;2,2;202;Dizel;74;6;b;9;4;Кондиционер;Кожа;Обычная;4;6;left_wheel;Есть;Есть;Есть;Есть;Нет;Нет;Есть;Есть;Есть;23.06.2026;20;100;22;1;68,75;AUT 0000-51329;https://partner.localrent.com/cars/59305/edit/;https://partner.localrent.com/cars/59178/edit/;https://partner.localrent.com/cars/59470/edit/;https://web.rentprog.ru/cars/44116;https://geodrive.info/geotbilisi/tproduct/391472501121;https://en.geodrive.info/geotbilisi/tproduct/944461623381;KNAMB81ABGS193700;Никишова Мария;AJA3344411;Автомат;Передний;
Kia Sedona VW495VV;Kia;Sedona;VW495VV;2014;Коричневый;minivan;3,3;276;Benzin;80;11;b;8;4;Кондиционер;Ткань;Обычная;4;6;left_wheel;Есть;Есть;Есть;Есть;Есть;Нет;Есть;Есть;Есть;13.02.2026;18;100;21;1;59;AUT 0000-52164;https://partner.localrent.com/cars/59486/edit/;https://partner.localrent.com/cars/59429/edit/;https://partner.localrent.com/cars/59477/edit/;https://web.rentprog.ru/cars/44570;https://geodrive.info/geotbilisi/tproduct/763184212731;https://en.geodrive.info/geotbilisi/tproduct/143130561891;KNDMB5C12F6054130;Павел Чупахов;AJA3380344;Автомат;Передний;
Mini Cooper One IP595II;Mini;Cooper One;IP595II;2012;Бежевый;hatchback;1,6;122;Benzin;45;5,2;b;4;2;Кондиционер;Ткань;Обычная;2;2;left_wheel;Есть;Нет;Есть;Есть;Есть;Нет;Есть;Есть;Нет;02.03.2026;9;200;21;2;28; AUT 0000-52170;https://partner.localrent.com/cars/59920/edit/;https://partner.localrent.com/cars/59924/edit/;https://partner.localrent.com/cars/62546/edit/;https://web.rentprog.ru/cars/45440;https://geodrive.info/geotbilisi/tproduct/461998097491;https://en.geodrive.info/geotbilisi/tproduct/958901418421;WMWSR11080T412813;;AJA3483262;Механика;Передний;
Kia Sportage RL738RL;Kia;Sportage;RL738RL;2016;Красный;crossover;2,4;182;Benzin;62;7,9;b;5;4;Кондиционер;Ткань;Обычная;4;2;left_wheel;Есть;Есть;Есть;Есть;Нет;Нет;Есть;Есть;Есть;26.03.2026;13;100;21;1;61,9;AUT 0000-51328;https://partner.localrent.com/cars/59473/edit/;https://partner.localrent.com/cars/59250/edit/;https://partner.localrent.com/cars/59472/edit/;https://web.rentprog.ru/cars/44225;https://geodrive.info/geotbilisi/tproduct/631678364501;https://en.geodrive.info/geotbilisi/tproduct/168290127711;KNDPMCAC4H7055938;Никишова Мария;AJA3358365;Автомат;Полный;
Jeep Renegade FF633FM;Jeep;Renegade;FF633FM;2016;Серый;crossover;2,4;186;Benzin;55;8,9;b;5;4;Кондиционер;Ткань;Обычная;4;4;left_wheel;Есть;Есть;Есть;Есть;Нет;Есть;Есть;Есть;Есть;15.12.2025;15;100;21;1;55; AUT 0000-52174;https://partner.localrent.com/cars/60558/edit/;https://partner.localrent.com/cars/60554/edit/;https://partner.localrent.com/cars/60526/edit/;https://web.rentprog.ru/cars/45994;https://geodrive.info/geotbilisi/tproduct/855107967292;https://en.geodrive.info/geotbilisi/tproduct/839127293832;ZACCJBCBXHPE99379;Алексей Дидонов;BVA0702107;Автомат;Полный;
Hyundai Veloster QI838QQ;Hyundai;Veloster;QI838QQ;2013;Черный;hatchback;1,6;134;Benzin;50;6,9;b;4;4;Кондиционер;Ткань;Люк;2;2;left_wheel;Есть;Есть;Есть;Есть;Нет;Есть;Есть;Есть;Есть;25.11.2025;10;100;21;2;35;AUT 0000-52171;https://partner.localrent.com/cars/62539/edit/;https://partner.localrent.com/cars/60718/edit/;https://partner.localrent.com/cars/61880/edit/;https://web.rentprog.ru/cars/46133;https://geodrive.info/geotbilisi/tproduct/996557504892;https://en.geodrive.info/geotbilisi/tproduct/497958640842;KMHTC6AD4DU158666;Алексей Дидонов;AJA3571911;Автомат;Передний;
Mini Cooper Countryman FY399FY;Mini;Cooper Countryman;FY399FY;2017;Синий;hatchback;1,5;166;Benzin;55;6,9;b;5;4;Кондиционер;Кожа;Люк;4;4;left_wheel;Есть;Есть;Есть;Есть;Нет;Есть;Есть;Есть;Есть;01.06.2026;19;100;21;2;75,6;AUT 0000-52963;https://partner.localrent.com/cars/60908/edit/;https://partner.localrent.com/cars/60821/edit/;https://partner.localrent.com/cars/60902/edit/;https://web.rentprog.ru/cars/46224;https://geodrive.info/geotbilisi/tproduct/538324860562;https://en.geodrive.info/geotbilisi/tproduct/304940049772;WMZYV5C38J3E02858;;AJA5599369;Автомат;Полный;
Mini Cooper CV403CV;Mini;Cooper;CV403CV;2015;Красный;hatchback;1,5;136;Benzin;54;6,7;b;4;2;Кондиционер;Кожа;Обычная;2;2;left_wheel;Есть;Есть;Есть;Есть;Нет;Есть;Есть;Есть;Есть;17.06.2026;12;100;21;2;34,4;AUT 0000-52965;https://partner.localrent.com/cars/66453/edit/;https://partner.localrent.com/cars/61030/edit/;https://partner.localrent.com/cars/62478/edit/;https://web.rentprog.ru/cars/46402;https://geodrive.info/geotbilisi/tproduct/609042378612;https://en.geodrive.info/geotbilisi/tproduct/441699498602;WNWXM5C58F3A59005;;AJA3594850;Автомат;Передний;
Chevrolet Malibu TH235TH;Chevrolet;Malibu;TH235TH;2017;Серый;sedan;1,5;160;Benzin;55;6,9;b;5;4;Кондиционер;Ткань;Обычная;4;2;left_wheel;Есть;Есть;Есть;Есть;Нет;Есть;Есть;Есть;Есть;03.09.2026;13;100;22;2;41,25;AUT 0000-52968;https://partner.localrent.com/cars/62528/edit/;https://partner.localrent.com/cars/61738/edit/;https://partner.localrent.com/cars/62529/edit/;https://web.rentprog.ru/cars/47192;https://geodrive.info/geotbilisi/tproduct/510067133012;https://en.geodrive.info/geotbilisi/tproduct/937590992172;1G1ZB5STXHF279609;Алексей Дидонов;AJA3667721;Автомат;Передний;
Hyundai Veloster MM972LM;Hyundai;Veloster;MM972LM;2014;Оранжевый;hatchback;1,6;136;Benzin;50;6,9;b;5;4;Кондиционер;Ткань;Обычная;2;2;left_wheel;Есть;Есть;Есть;Есть;Нет;Есть;Есть;Есть;Есть;13.02.2026;10;100;21;2;31;AUT 0000-52966;https://partner.localrent.com/cars/62542/edit/;https://partner.localrent.com/cars/61859/edit/;https://partner.localrent.com/cars/64434/edit/;https://web.rentprog.ru/cars/47393;https://geodrive.info/geotbilisi/tproduct/898421199992;https://en.geodrive.info/geotbilisi/tproduct/457983259182;KMHTC6AD8FU232030;Михаил Повх;AJA3692796;Автомат;Передний;
Honda Odyssey CR106CR;Honda;Odyssey;CR106CR;2016;Синий;minivan;3,5;248;Benzin;74;7,9;b;8;4;Климат 2-зонный;Кожа;Обычная;4;2;left_wheel;Есть;Есть;Есть;Есть;Есть;Есть;Есть;Есть;Есть;08.09.2026;18;100;21;1;61,2;AUT 0000-52969;https://partner.localrent.com/cars/62530/edit/;https://partner.localrent.com/cars/62165/edit/;https://partner.localrent.com/cars/62524/edit/;https://web.rentprog.ru/cars/47451;https://geodrive.info/geotbilisi/tproduct/787867848632;https://en.geodrive.info/geotbilisi/tproduct/778532648792;5FNRL5H48GB506352;Kuboyan Karen;AJA1100905;Вариатор;Передний;
Mazda CX-9 DW705DW;Mazda;CX-9;DW705DW;2019;Черный;crossover;2,5;231;Benzin;74;9,9;b;7;4;Климат 2-зонный;Кожа;Люк;4;4;left_wheel;Есть;Есть;Есть;Есть;Нет;Есть;Есть;Есть;Есть;19.08.2026;20;200;21;0;103;AUT 0000-57483;https://partner.localrent.com/cars/62316/edit/;https://partner.localrent.com/cars/62105/edit/;https://partner.localrent.com/cars/62540/edit/;https://web.rentprog.ru/cars/47493;https://geodrive.info/geotbilisi/tproduct/803036937792;https://en.geodrive.info/geotbilisi/tproduct/433595024212;JM3TCACY1L0400253;;AJA5055565;Автомат;Полный;
Chevrolet Cruze KD474DK;Chevrolet;Cruze;KD474DK;2018;Серый;sedan;1,4;153;Benzin;52;6,9;b;5;4;Кондиционер;Ткань;Обычная;4;2;left_wheel;Есть;Есть;Есть;Есть;Есть;Нет;Есть;Есть;Есть;21.01.2027;10;100;21;2;34,4;AUT 0000-52169;https://partner.localrent.com/cars/60555/edit/;https://partner.localrent.com/cars/60267/edit/;https://partner.localrent.com/cars/62526/edit/;https://web.rentprog.ru/cars/45676;https://geodrive.info/geotbilisi/tproduct/191336570551;https://en.geodrive.info/geotbilisi/tproduct/ 485213621571;1G1BC5SM8J7175370;Алексей Дидонов;AJA3500891;Автомат;Передний;
Ford Fiesta SE CT021CT;Ford;Fiesta SE;CT021CT;2017;Серебряный;hatchback;1,6;126;Benzin;40;5,9;b;5;4;Кондиционер;Ткань;Обычная;4;4;left_wheel;Нет;Нет;Нет;Есть;Нет;Есть;Есть;Есть;Нет;28.08.2027;8;100;21;1;28;AUT 0000-52168;https://partner.localrent.com/cars/62518/edit/;https://partner.localrent.com/cars/60070/edit/;https://partner.localrent.com/cars/62534/edit/;https://web.rentprog.ru/cars/45373;https://geodrive.info/geotbilisi/tproduct/589233080662;https://en.geodrive.info/geotbilisi/tproduct/758418124202;3FADP4EJ5HM161562;;AJA3462219;Автомат;Передний;
Mini Cooper NN085YN;Mini;Cooper;NN085YN;2015;Синий;hatchback;1,6;145;Benzin;50;7;b;5;4;Кондиционер;Кожа;Люк;4;4;left_wheel;Есть;Есть;Есть;Есть;Нет;Есть;Есть;Есть;Есть;26.12.2025;14;100;21;2;42;AUT 0000-52172;https://partner.localrent.com/cars/60561/edit/;https://partner.localrent.com/cars/60557/edit/;https://partner.localrent.com/cars/60238/edit/;https://web.rentprog.ru/cars/45533;https://geodrive.info/geotbilisi/tproduct/431766257071;https://en.geodrive.info/geotbilisi/tproduct/592737823381;WMWXS5C58FT831943;;AJA3499443;Автомат;Передний;
Mercedes ML 350 SU656UU;Mercedes;ML 350;SU656UU;2011;Белый;crossover;3,5;272;Benzin;95;11;b;5;4;Кондиционер;Кожа;Обычная;4;4;left_wheel;Есть;Есть;Есть;Есть;Есть;Нет;Есть;Есть;Есть;23.06.2026;12;100;21;1;55;AUT 0000-52173;https://partner.localrent.com/cars/60560/edit/;https://partner.localrent.com/cars/60273/edit/;https://partner.localrent.com/cars/73144/edit/;https://web.rentprog.ru/cars/45633;https://geodrive.info/geotbilisi/tproduct/162675603741;https://en.geodrive.info/geotbilisi/tproduct/ 851621015651;4JGBB5GBXBA689285;Pekker Grigorii;AJA3462090;Автомат;Задний;
BMW X1 GG663YG;BMW;X1;GG663YG;2018;Серый;crossover;2;231;Benzin;61;9;b;5;4;Кондиционер;Кожа;Обычная;4;8;left_wheel;Нет;Есть;Нет;Есть;Нет;Есть;Есть;Есть;Есть;07.12.2025;17;100;21;1;75,6;AUT 0000-52971;https://partner.localrent.com/cars/62516/edit/;https://partner.localrent.com/cars/62473/edit/;https://partner.localrent.com/cars/62523/edit/;https://web.rentprog.ru/cars/47778;https://geodrive.info/geotbilisi/tproduct/430339623182;https://en.geodrive.info/geotbilisi/tproduct/705934109722;WBXHU7C34J5L08737;;AJA3278852;Автомат;Передний;
Chevrolet Cruze BZ551ZB/;Chevrolet;Cruze;BZ551ZB/;2018;Белый;hatchback;1,4;155;Benzin;50;5;b;5;4;Кондиционер;Ткань;Обычная;4;2;left_wheel;Есть;Есть;Есть;Есть;Нет;Есть;Есть;Есть;Есть;04.09.2027;11;100;22;2;35;AUT 0000-52166;https://partner.localrent.com/cars/61091/edit/;https://partner.localrent.com/cars/61031/edit/;https://partner.localrent.com/cars/62527/edit/;https://web.rentprog.ru/cars/46225;https://geodrive.info/geotbilisi/tproduct/337666489532;https://en.geodrive.info/geotbilisi/tproduct/762546884912;3G1BE6SM0JS635445;Алексей Дидонов;AJA3582919;Автомат;Передний;
Mercedes E 350 UQ089QQ;Mercedes;E 350;UQ089QQ;2014;Красный;sedan;3;333;Benzin;59;8;b;5;4;Кондиционер;Кожа;Люк;4;4;left_wheel;Есть;Нет;Есть;Есть;Нет;Есть;Есть;Есть;Есть;22.02.2026;20;100;21;2;55;AUT 0000-52165;https://partner.localrent.com/cars/59721/edit/;https://partner.localrent.com/cars/59718/edit/;https://partner.localrent.com/cars/59719/edit/;https://web.rentprog.ru/cars/45056;https://geodrive.info/geotbilisi/tproduct/276102794631;https://en.geodrive.info/geotbilisi/tproduct/730081741891;WDDHF5KB7EA965247;Павел Чупахов;AQA0505309;Автомат;Передний;
Volkswagen Tiguan GT183GG;Volkswagen;Tiguan;GT183GG;2019;Красный;crossover;2;180;Benzin;60;7,9;b;5;4;Кондиционер;Ткань;Обычная;4;4;left_wheel;Есть;Есть;Есть;Есть;Нет;Есть;Есть;Есть;Есть;04.06.2027;17;100;21;1;68,76;AUT 0000-54114;Нет;https://partner.localrent.com/cars/62969/edit/;https://partner.localrent.com/cars/65024/edit/;https://web.rentprog.ru/cars/48581;https://geodrive.info/geotbilisi/tproduct/347091054212;https://en.geodrive.info/geotbilisi/tproduct/410064089762;3VV0B7AX8KM121021;Никишова Мария;AJA3892709;Автомат;Полный;
Dodge Challenger DD319RD;Dodge;Challenger;DD319RD;2017;Черный;coupe;3,6;306;Benzin;75;10;b;4;2;Климат 2-зонный;Кожа-спорт;Люк;2;2;left_wheel;Есть;Есть;Нет;Есть;Нет;Есть;Есть;Есть;Есть;12.07.2027;35;200;21;2;82,51;AUT 0000-54116;Нет;https://partner.localrent.com/cars/64285/edit/;https://partner.localrent.com/cars/93113/edit/;https://web.rentprog.ru/cars/49493;https://geodrive.info/geotbilisi/tproduct/331408237342;https://en.geodrive.info/geotbilisi/tproduct/276318854532;2C3CDZGG7HH551028;Лобов Алексей;AQ1782712;Автомат;Полный;
Mini Cooper S Countryman HH972LH;Mini;Cooper S Countryman;HH972LH;2012;Синий;crossover;1,6;184;Benzin;47;7,5;b;4;4;Климат 1-зонный;Кожа;Обычная;4;4;left_wheel;Есть;Нет;Есть;Есть;Нет;Есть;Есть;Есть;Есть;02.03.2026;12;100;21;2;34,5;AUT 0000-54975;Нет;https://partner.localrent.com/cars/66866/edit/;https://partner.localrent.com/cars/69942/edit/;https://web.rentprog.ru/cars/49691;https://geodrive.info/geotbilisi/tproduct/497104666612;https://en.geodrive.info/geotbilisi/tproduct/311920853352;WMWZC5C59CWL60028;Дидонов 2;AJA4040252;Автомат;Полный;
Kia Carnival QL145QQ;Kia;Carnival;QL145QQ;2015;Черный;minivan;2,2;202;Dizel;74;6;b;8;4;Кондиционер;Ткань;Обычная;4;6;left_wheel;Есть;Есть;Есть;Есть;Нет;Нет;Есть;Есть;Есть;15.11.2025;5;100;18;2;68,75;AUT 0000-55346;Нет;https://partner.localrent.com/cars/66443/edit/;https://partner.localrent.com/cars/92400/edit/;https://web.rentprog.ru/cars/51011;https://geodrive.info/geotbilisi/tproduct/835604861262;https://en.geodrive.info/geotbilisi/tproduct/902062315892;KNHMF37ABfs063560;;AJA4247635;Автомат;Передний;
Volkswagen Tiguan FF468BF;Volkswagen;Tiguan;FF468BF;2013;Серый;crossover;2;180;Benzin;64;8;b;5;4;Климат 2-зонный;Ткань;Обычная;4;6;left_wheel;Есть;Есть;Есть;Есть;Есть;Есть;Есть;Есть;Нет;24.06.2026;12;100;21;2;38;AUT 0000-55062;https://partner.localrent.com/cars/78743/edit/;https://partner.localrent.com/cars/65416/edit/;https://partner.localrent.com/cars/68380/edit/;https://web.rentprog.ru/cars/50169;https://geodrive.info/geotbilisi/tproduct/714289898362;https://en.geodrive.info/geotbilisi/tproduct/560830113992;WVGZZZ5NZDW570747;Дидонов 2;AJA4103180;Автомат;Полный;
Chevrolet Cruze DW457WD;Chevrolet;Cruze;DW457WD;2016;Красный;sedan;1,4;153;Benzin;51;7;b;5;4;Кондиционер;Ткань;Обычная;4;4;left_wheel;Нет;Есть;Нет;Есть;Нет;Есть;Есть;Есть;Есть;12.09.2026;10;100;22;2;37,5;AUT 0000-55805;https://partner.localrent.com/cars/78742/edit/;https://partner.localrent.com/cars/89751/edit/;https://partner.localrent.com/cars/66977/edit/;https://web.rentprog.ru/cars/51482;https://geodrive.info/geotbilisi/tproduct/352195515422;https://en.geodrive.info/geotbilisi/tproduct/289640057222;1G1BC5SM8G7283884;Никишова Мария;BVA0854220;Автомат;Передний;
Mini Cooper SS966SJ/;Mini;Cooper;SS966SJ/;2016;Зеленый;hatchback;2;235;Benzin;45;9;b;4;2;Климат 2-зонный;Кожа-спорт;Люк;2;2;left_wheel;Есть;Есть;Нет;Есть;Нет;Есть;Есть;Есть;Есть;11.07.2026;24;300;21;2;62;AUT 0000-54955;Нет;https://partner.localrent.com/cars/64439/edit/;Нет;https://web.rentprog.ru/cars/49693;https://geodrive.info/geotbilisi/tproduct/910228603892;https://en.geodrive.info/geotbilisi/tproduct/591291994132;WMWXM9C51GT997949;;AJA4045220;Механика;Передний;
Mercedes GLE 350 OB700OB;Mercedes;GLE 350;OB700OB;2019;Белый;crossover;2;258;Benzin;85;10,7;b;5;4;Климат 2-зонный;Кожа;Люк;4;6;left_wheel;Есть;Есть;Есть;Есть;Нет;Есть;Есть;Нет;Есть;22.08.2026;45;300;21;2;261,3;AUT 0000-58311;Нет;https://partner.localrent.com/cars/66422/edit/;Нет;https://web.rentprog.ru/cars/51321;https://geodrive.info/geotbilisi/tproduct/524382402882;https://en.geodrive.info/geotbilisi/tproduct/764539705612;4JGFB4KEXLA036373;Касумов Дурсун;AJA3605036;Автомат;Полный;
Buick Encore NB669NN;Buick;Encore;NB669NN;2018;Серый;crossover;1,4;153;Benzin;53;8;b;5;4;Кондиционер;Ткань;Обычная;4;4;left_wheel;Есть;Есть;Нет;Есть;Нет;Есть;Есть;Есть;Есть;26.03.2026;19;100;22;2;52,5;AUT 0000-55807;https://partner.localrent.com/cars/96120/edit/;https://partner.localrent.com/cars/89752/edit/;https://partner.localrent.com/cars/67522/edit/;https://web.rentprog.ru/cars/52032;https://geodrive.info/geotbilisi/tproduct/919237913552;https://en.geodrive.info/geotbilisi/tproduct/555353372652;KL4CJ2SB0JB506223;;BVA0877024;Автомат;Полный;
Ford Fusion KK992RK;Ford;Fusion;KK992RK;2017;Черный;sedan;2,7;325;Benzin;66;12;b;5;4;Климат 2-зонный;Кожа-спорт;Люк;4;6;left_wheel;Есть;Есть;Нет;Есть;Нет;Есть;Есть;Есть;Есть;11.10.2026;5;100;18;2;55;AUT 0000-55808;Нет;https://partner.localrent.com/cars/88636/edit/;https://partner.localrent.com/cars/77139/edit/;https://web.rentprog.ru/cars/52138;https://geodrive.info/geotbilisi/tproduct/945293907812;https://en.geodrive.info/geotbilisi/tproduct/484103664332;3FA6P0VP4JR157159;Квачантридзе Апполон;AJA4433250;Автомат;Передний;
Mini Cooper AA916BA;Mini;Cooper;AA916BA;2015;Черный;hatchback;1,5;135;Benzin;40;6;b;4;2;Климат 2-зонный;Кожа;Обычная;2;2;left_wheel;Есть;Нет;Нет;Есть;Нет;Есть;Есть;Есть;Есть;14.06.2026;12;100;21;2;34,4;AUT 0000-55348;Нет;https://partner.localrent.com/cars/66263/edit/;https://partner.localrent.com/cars/66286/edit/;https://web.rentprog.ru/cars/51098;https://geodrive.info/geotbilisi/tproduct/912991578142;https://en.geodrive.info/geotbilisi/tproduct/171343515772;WMWXP5C57G3B14570;;AJA4258860;Автомат;Передний;
Chevrolet Trax VF986VF;Chevrolet;Trax;VF986VF;2017;Серебряный;crossover;1,4;153;Benzin;53;8,4;b;5;4;Кондиционер;Ткань;Обычная;4;4;left_wheel;Нет;Есть;Нет;Есть;Нет;Есть;Есть;Есть;Есть;21.03.2027;12;100;22;2;52,5;AUT 0000-55806;Нет;https://partner.localrent.com/cars/67537/edit/;https://partner.localrent.com/cars/78729/edit/;https://web.rentprog.ru/cars/51908;https://geodrive.info/geotbilisi/tproduct/570597516512;https://en.geodrive.info/geotbilisi/tproduct/836328046292;KL7CJNSB8JB606574;;AJA4415381;Автомат;Полный;
Buick Encore UN522UN;Buick;Encore;UN522UN;2018;Синий;crossover;1,4;153;Benzin;53;8,4;b;5;4;Кондиционер;Ткань;Обычная;4;4;left_wheel;Есть;Есть;Нет;Есть;Нет;Есть;Есть;Есть;Есть;21.01.2027;5;100;18;2;44,7;AUT 0000-57481;Нет;https://partner.localrent.com/cars/70116/edit/;https://partner.localrent.com/cars/93111/edit/;https://web.rentprog.ru/cars/53960;https://geodrive.info/geotbilisi/tproduct/628075982052;https://en.geodrive.info/geotbilisi/tproduct/964318329412;KL4CJASBXJB693710;Дидонов 2;AJA4724898;Автомат;Передний;
Toyota Rav 4 RE177NT;Toyota;Rav 4;RE177NT;2017;Черный;crossover;2,5;180;Benzin;60;8;b;5;4;Кондиционер;Ткань;Обычная;4;4;left_wheel;Есть;Нет;Есть;Есть;Есть;Есть;Есть;Есть;Есть;22.07.2026;5;100;21;2;75,6;AUT 0000-56687;Нет;https://partner.localrent.com/cars/70686/edit/;https://partner.localrent.com/cars/91238/edit/;https://web.rentprog.ru/cars/54063;https://geodrive.info/geotbilisi/tproduct/470665580492;https://en.geodrive.info/geotbilisi/tproduct/935031177542;2T3BFREV5HW599971;Bortsvadze;AJA3116526;Автомат;Полный;
Skoda Kodiaq TT780TR;Skoda;Kodiaq;TT780TR;2019;Серый;crossover;1,7;150;Benzin;65;8;b;5;4;Кондиционер;Ткань;Обычная;4;4;left_wheel;Есть;Есть;Есть;Есть;Нет;Есть;Есть;Есть;Есть;25.10.2026;5;100;21;2;113,4;AUT 0000-46573;Нет;https://partner.localrent.com/cars/71376/edit/;Нет;https://web.rentprog.ru/cars/54504;https://geodrive.info/geotbilisi/tproduct/801047064382;https://en.geodrive.info/geotbilisi/tproduct/903713780162;XW8LD6NS1LH401873;Хаустов Александр;AJ3040658;Автомат;Передний;
Kia Soul MV640MM;Kia;Soul;MV640MM;2015;Голубой;hatchback;2;150;Benzin;55;7;b;5;4;Кондиционер;Ткань;Обычная;4;3;left_wheel;Есть;Нет;Нет;Есть;Нет;Есть;Есть;Есть;Есть;20.11.2025;5;100;18;2;43,3;AUT 0000-55728;Нет;https://partner.localrent.com/cars/71375/edit/;https://partner.localrent.com/cars/72111/edit/;https://web.rentprog.ru/cars/54527;https://geodrive.info/geotbilisi/tproduct/686518267872;https://en.geodrive.info/geotbilisi/tproduct/679515125622;KNDJP3A56G7299622;Дидонов 2;AJA4797778;Автомат;Передний;
Hyundai Elantra  BE023ES;Hyundai Elantra;;BE023ES;2020;Black;;;;;;;;;;;;Обычная;;;;;;;;;;;;;26.07.2026;5;100;18;2;0;;Нет;Нет;Нет;https://web.rentprog.ru/cars/54097;https://geodrive.info/geotbilisi/tproduct/913799781092;https://en.geodrive.info/geotbilisi/tproduct/941372607262;KMHD84LF1LU038640;Bortsvadze;AJA4234835;Автомат;Передний;
Toyota Rav 4 BE022ES;Toyota;Rav 4;BE022ES;2018;Голубой;crossover;2,5;180;Benzin;60;7,9;b;5;4;Кондиционер;Ткань;Обычная;4;4;left_wheel;Есть;Есть;Нет;Есть;Нет;Есть;Есть;Есть;Есть;24.07.2026;11;100;21;2;75,6;AUT 0000-56686;https://partner.localrent.com/cars/91243/edit/;https://partner.localrent.com/cars/93115/edit/;https://partner.localrent.com/cars/70111/edit/;https://web.rentprog.ru/cars/54062;https://geodrive.info/geotbilisi/tproduct/411625219692;https://en.geodrive.info/geotbilisi/tproduct/432916539582;JTMBFREV3JJ256564;Bortsvadze;AJA4176265;Автомат;Передний;
Toyota Rav 4 BE021ES;Toyota;Rav 4;BE021ES;2016;Серебряный;crossover;2,5;180;Benzin;60;8;b;5;4;Кондиционер;Ткань;Обычная;4;4;left_wheel;Есть;Есть;Нет;Есть;Есть;Есть;Есть;Есть;Есть;26.09.2026;5;100;21;2;68,75;AUT 0000-57484;Нет;https://partner.localrent.com/cars/70114/edit/;https://partner.localrent.com/cars/70113/edit/;https://web.rentprog.ru/cars/54061;https://geodrive.info/geotbilisi/tproduct/447179521672;https://en.geodrive.info/geotbilisi/tproduct/304004901592;2T3BFREVXGW534659;Bortsvadze;AJA4173264;Автомат;Передний;
Hyundai Tucson PJ756PJ;Hyundai;Tucson;PJ756PJ;2019;Серебряный;crossover;2,4;184;Benzin;62;8;b;5;4;Климат 2-зонный;Ткань;Обычная;4;4;left_wheel;Есть;Есть;Нет;Есть;Нет;Есть;Есть;Нет;Есть;13.11.2026;5;100;18;2;62;AUT 0000-58078;https://partner.localrent.com/cars/78740/edit/;https://partner.localrent.com/cars/72110/edit/;Нет;https://web.rentprog.ru/cars/54612;https://geodrive.info/geotbilisi/tproduct/936568937472;https://en.geodrive.info/geotbilisi/tproduct/107232609032;KM8J3CAL5KU057937;Bortsvadze;AQA0322749;Автомат;Передний;
Jeep Wrangler FK093FF;Jeep;Wrangler;FK093FF;2016;Черный;crossover;3,6;284;Benzin;65;12;b;5;4;Кондиционер;Ткань;Обычная;4;4;left_wheel;Есть;Есть;Нет;Есть;Нет;Есть;Есть;Нет;Есть;17.09.2026;5;200;18;2;137,5;AUT 0000-51702;https://partner.localrent.com/cars/91244/edit/;https://partner.localrent.com/cars/89753/edit/;Нет;https://web.rentprog.ru/cars/54124;https://geodrive.info/geotbilisi/tproduct/264757586642;https://en.geodrive.info/geotbilisi/tproduct/526772515712;1C4BJWFG5HL564783;Веслогузов Сергей;Aja4765195;Автомат;Полный;
Kia Sportage RR942LR;Kia;Sportage;RR942LR;2018;Серебряный;crossover;2,4;184;Benzin;62;7,9;b;5;4;Кондиционер;Ткань;Обычная;4;4;left_wheel;Есть;Есть;Нет;Есть;Нет;Есть;Есть;Есть;Есть;27.10.2026;5;100;18;2;62,5;AUT 0000-46949;Нет;https://partner.localrent.com/cars/73042/edit/;Нет;https://web.rentprog.ru/cars/54914;https://geodrive.info/geotbilisi/tproduct/459358824062;https://en.geodrive.info/geotbilisi/tproduct/966601970732;KNDPM3AC4J7455035;Павел Чупахов;AJA4920587;Автомат;Передний;
Porsche Macan S FK288FF;Porsche;Macan S;FK288FF;2015;Синий;crossover;3;333;Benzin;60;9;b;5;4;Климат 2-зонный;Кожа-спорт;Люк;4;4;left_wheel;Есть;Есть;Есть;Есть;Нет;Есть;Есть;Есть;Есть;24.10.2026;5;300;21;2;41,25;AUT 0000-57893;Нет;https://partner.localrent.com/cars/72024/edit/;Нет;https://web.rentprog.ru/cars/54123;https://geodrive.info/geotbilisi/tproduct/332294180142;https://en.geodrive.info/geotbilisi/tproduct/204918419192;WP1AB2A54GLB49507;;AJA4768158;Автомат;Полный;
Hyundai Santa Fe MM438JM;Hyundai;Santa Fe;MM438JM;2021;Черный;crossover;2,5;194;Benzin;67;8,7;b;5;4;Климат 2-зонный;Кожа;Люк;4;4;left_wheel;Есть;Есть;Есть;Есть;Нет;Есть;Есть;Нет;Есть;24.07.2026;5;100;18;2;106,6;AUT 0000-58366;Нет;https://partner.localrent.com/cars/73043/edit/;Нет;https://web.rentprog.ru/cars/55207;https://geodrive.info/geotbilisi/tproduct/919262655162;https://en.geodrive.info/geotbilisi/tproduct/206868868692;5NMS5DAL4MH352532;Касумов Дурсун;AJA6948648;Автомат;Полный;
Mini Cooper Countryman S HT360HH;Mini;Cooper Countryman S;HT360HH;2017;Оранжевый;crossover;2;192;Benzin;55;7,9;b;5;4;Климат 2-зонный;Кожа;Люк;4;4;left_wheel;Есть;Есть;Есть;Есть;Нет;Есть;Есть;Есть;Нет;29.08.2027;5;100;21;2;78,4;AUT 0000-47911;https://partner.localrent.com/cars/91246/edit/;https://partner.localrent.com/cars/74535/edit/;https://partner.localrent.com/cars/78504/edit/;https://web.rentprog.ru/cars/55783;https://geodrive.info/geotbilisi/tproduct/384234979902;https://en.geodrive.info/geotbilisi/tproduct/504137261072;WMZYT5C37H3D78892;;AJA5054542;Автомат;Передний;
Kia Sportage DF368DD;Kia;Sportage;DF368DD;2016;Белый;crossover;2,4;184;Benzin;60;7,9;b;5;4;Кондиционер;Ткань;Обычная;4;4;left_wheel;Есть;Есть;Нет;Есть;Нет;Нет;Есть;Есть;Есть;14.12.2026;5;100;18;2;60,5;AUT 0000-47822;Нет;https://partner.localrent.com/cars/74534/edit/;https://partner.localrent.com/cars/91170/edit/;https://web.rentprog.ru/cars/55869;https://geodrive.info/geotbilisi/tproduct/244136387272;https://en.geodrive.info/geotbilisi/tproduct/819895704332;KNDPMCAC4H7184567;Никишова Мария;AJA5081825;Автомат;Полный;
BMW X5 DF603DD;BMW;X5;DF603DD;2015;Серый;crossover;4,4;450;Benzin;85;12;b;7;4;Климат. 4 зоны;Кожа-спорт;Люк;4;5;left_wheel;Есть;Есть;Есть;Есть;Нет;Есть;Есть;Есть;Есть;14.12.2025;5;300;18;2;129,25;AUT 0000-47820;Нет;https://partner.localrent.com/cars/74532/edit/;https://partner.localrent.com/cars/91240/edit/;https://web.rentprog.ru/cars/55895;https://geodrive.info/geotbilisi/tproduct/910521185962;https://en.geodrive.info/geotbilisi/tproduct/234421760862;5UXKR6C59G0J80662;;AJA5976689;Автомат;Полный;
Toyota Camry TT262TH;Toyota;Camry;TT262TH;2021;Серый;sedan;2,5;202;Benzin;60;7;b;5;4;Климат 1-зонный;Кожа;Обычная;4;4;left_wheel;Есть;Есть;Нет;Есть;Нет;Есть;Есть;Нет;Есть;24.01.2026;5;100;21;2;117;AUT 0000-47943;Нет;https://partner.localrent.com/cars/75158/edit/;Нет;https://web.rentprog.ru/cars/56006;https://geodrive.info/geotbilisi/tproduct/581178752892;https://en.geodrive.info/geotbilisi/tproduct/839723550982;4T1G11AK2MU564227;;AJA5576599;Автомат;Передний;
Mazda 6 UM562UM;Mazda;6;UM562UM;2013;Белый;sedan;2,5;190;Benzin;55;7;b;5;4;Климат 2-зонный;Кожа;Обычная;4;4;left_wheel;Есть;Есть;Нет;Есть;Есть;Есть;Есть;Есть;Есть;07.11.2025;5;100;18;2;48,2;AUT 0000-50227;https://partner.localrent.com/cars/91247/edit/;Нет;Нет;https://web.rentprog.ru/cars/59087;https://geodrive.info/geotbilisi/tproduct/187393584472;https://en.geodrive.info/geotbilisi/tproduct/623431050852;JM1GJ1T67E1156068;Дидонов 2;AJA5572522;Автомат;Передний;
BMW X6 RR704SR;BMW;X6;RR704SR;2015;Красный;crossover;3;300;Benzin;85;10;b;5;4;Климат 2-зонный;Кожа-спорт;Люк;4;6;left_wheel;Есть;Есть;Есть;Есть;Нет;Есть;Есть;Есть;Есть;23.06.2026;20;300;21;2;137,5;AUT 0000-50322;Нет;https://partner.localrent.com/cars/88641/edit/;Нет;https://web.rentprog.ru/cars/59439;https://geodrive.info/geotbilisi/tproduct/129389604652;https://en.geodrive.info/geotbilisi/tproduct/159014745372;5UXKU2C50F0N77795;;AJA5605650;Автомат;Полный;
Dodge Challenger TR001OF;Dodge;Challenger;TR001OF;2017;Серый;coupe;3,6;305;Benzin;70;10,3;b;4;2;Климат 1-зонный;Ткань;Обычная;Нет;0;left_wheel;Нет;Нет;Нет;Есть;Нет;Есть;Есть;Есть;Есть;06.01.2027;5;100;18;2;68,75;AUT 0000-51276;Нет;https://partner.localrent.com/cars/93114/edit/;https://partner.localrent.com/cars/90550/edit/;https://web.rentprog.ru/cars/60916;https://geodrive.info/geotbilisi/tproduct/591967976842;https://en.geodrive.info/geotbilisi/tproduct/677148052552;2C3CDZAG9JH202306;Черкас Трофим;AJA5830799;Автомат;Задний;
Audi Q7 XX950DX;Audi;Q7;XX950DX;2018;Белый;crossover;2;252;Benzin;75;9;b;7;4;Климат. 4 зоны;Кожа;Люк;4;6;left_wheel;Есть;Есть;Есть;Есть;Нет;Есть;Есть;Есть;Есть;13.03.2027;5;200;18;2;158,15;AUT 0000-50540;Нет;https://partner.localrent.com/cars/54671/edit/;https://partner.localrent.com/cars/93109/edit/;https://web.rentprog.ru/cars/59772;https://geodrive.info/geotbilisi/tproduct/824174365132;https://en.geodrive.info/geotbilisi/tproduct/680654735342;WA1LHAF75JD045715;Касумов Дурсун;AJA5641456;Автомат;Полный;
Kia Sportage DF298DD;Kia;Sportage;DF298DD;2017;Серый;crossover;2,4;184;Benzin;60;7,9;b;5;4;Кондиционер;Ткань;Обычная;4;4;left_wheel;Есть;Есть;Нет;Есть;Нет;Есть;Есть;Есть;Есть;21.12.2026;5;100;18;2;61,9;AUT 0000-48139;Нет;https://partner.localrent.com/cars/75159/edit/;Нет;https://web.rentprog.ru/cars/55871;https://geodrive.info/geotbilisi/tproduct/567183304992;https://en.geodrive.info/geotbilisi/tproduct/612778378832;KNDPMCAC7J7340624;Никишова Мария;AJA5083803;Автомат;Полный;
Jeep Renegade BB678YY;Jeep;Renegade;BB678YY;2016;Красный;crossover;2,4;184;Benzin;60;8;b;5;4;Кондиционер;Ткань;Обычная;4;4;left_wheel;Есть;Есть;Нет;Есть;Нет;Есть;Есть;Нет;Есть;10.04.2026;5;100;18;2;47;AUT 0000-49050;https://partner.localrent.com/cars/91241/edit/;https://partner.localrent.com/cars/88639/edit/;Нет;https://web.rentprog.ru/cars/57540;https://geodrive.info/geotbilisi/tproduct/290190335332;https://en.geodrive.info/geotbilisi/tproduct/972273872852;ZACCJBDTXGPD11532;Михалин Денис;AQA0809672;Автомат;Полный;
Maserati Levante SQ4 WQ686WQ;Maserati;Levante SQ4;WQ686WQ;2018;Черный;crossover;3;450;Benzin;60;12;b;5;4;Климат 2-зонный;Кожа-спорт;Люк;4;6;left_wheel;Есть;Есть;Есть;Есть;Нет;Есть;Есть;Есть;Есть;30.04.2027;5;400;21;2;137,5;AUT 0000-53416;Нет;https://partner.localrent.com/cars/88637/edit/;Нет;https://web.rentprog.ru/cars/61630;https://geodrive.info/geotbilisi/tproduct/918593791112;https://en.geodrive.info/geotbilisi/tproduct/783941721872;ZN661YUA9JX303603;;AJA6009864;Автомат;Полный;
Fiat 500 MC238MM;Fiat;500;MC238MM;2012;Зеленый;cabriolet;1,4;100;Benzin;45;6;b;4;2;Кондиционер;Кожа;Мягкая складная автоматическая;2;2;left_wheel;Есть;Нет;Есть;Есть;Нет;Есть;Есть;Нет;Есть;09.09.2026;5;100;18;2;34,4;AUT 0000-52138;Нет;https://partner.localrent.com/cars/88638/edit/;https://partner.localrent.com/cars/96119/edit/;https://web.rentprog.ru/cars/61673;https://geodrive.info/geotbilisi/tproduct/639291360182;https://en.geodrive.info/geotbilisi/tproduct/829537666072;3C3CFFDR4DT554551;Михалин Денис;AJA6012366;Автомат;Передний;
Ford Explorer WQ464WQ;Ford;Explorer;WQ464WQ;2018;Серый;crossover;3,5;290;Benzin;70;12;b;7;4;Кондиционер;Ткань;Обычная;4;4;left_wheel;Есть;Есть;Есть;Есть;Нет;Есть;Есть;Есть;Есть;11.06.2027;5;100;18;2;83;AUT 0000-52960;Нет;https://partner.localrent.com/cars/89754/edit/;https://partner.localrent.com/cars/90552/edit/;https://web.rentprog.ru/cars/62396;https://geodrive.info/geotbilisi/tproduct/698749962882;https://en.geodrive.info/geotbilisi/tproduct/911764720922;1FM5K7D84JGB15715;Никишова Мария;AJA6001320;Автомат;Передний;
Toyota Rav 4 EP021EP;Toyota;Rav 4;EP021EP;2020;Серый;crossover;2,5;203;Benzin;44;9,4;b;5;4;Климат 1-зонный;Ткань;Обычная;4;4;left_wheel;Есть;Есть;Нет;Есть;Нет;Есть;Есть;Есть;Есть;27.05.2027;5;100;21;2;110;AUT 0000-53547;Нет;https://partner.localrent.com/cars/92250/edit/;Нет;https://web.rentprog.ru/cars/63668;https://geodrive.info/geotbilisi/tproduct/363682202642;https://en.geodrive.info/geotbilisi/tproduct/159860581552;2T3F1RFV4LC138415;Касумов Дурсун;AJA6423210;Автомат;Полный;
Kia Soul PF769PP;Kia;Soul;PF769PP;2018;Черный;hatchback;2;161;Benzin;50;7,9;b;5;4;Кондиционер;Ткань;Обычная;4;4;left_wheel;Есть;Есть;Нет;Нет;Нет;Есть;Есть;Есть;Есть;24.01.2027;5;100;18;2;56,8;AUT 0000-56480;Нет;https://partner.localrent.com/cars/92253/edit/;Нет;https://web.rentprog.ru/cars/62959;https://geodrive.info/geotbilisi/tproduct/347870838632;https://en.geodrive.info/geotbilisi/tproduct/420014313082;KNDJP3A5XK7910454;Никишова Мария;BVA124916;Автомат;Передний;
Kia Soul  QZ101QQ;Kia Soul;;QZ101QQ;2019;Black;;;;;;;;;;;;Обычная;;;;;;;;;;;;;09.12.2026;10;100;21;2;68,75;AUT 0000-55257;Нет;Нет;Нет;https://web.rentprog.ru/cars/65470;https://geodrive.info/geotbilisi/tproduct/234370932042;https://en.geodrive.info/geotbilisi/tproduct/683142260552;KNAJ581FGL7097837;;AJA6809529;Автомат;Передний;
Toyota Corolla Cross CJ686CC;Toyota;Corolla Cross;CJ686CC;2023;Черный;crossover;2;180;Benzin;60;6;b;5;4;Климат 1-зонный;Ткань;Обычная;4;5;left_wheel;Есть;Есть;Нет;Есть;Нет;Есть;Есть;Есть;Есть;20.10.2028;13;100;21;2;123,75;AUT 0000-53767;https://partner.localrent.com/cars/91242/edit/;Нет;Нет;https://web.rentprog.ru/cars/64019;https://geodrive.info/geotbilisi/tproduct/905779830722;https://en.geodrive.info/geotbilisi/tproduct/673649704432;7MUCAABG8PV071924;Александр Лункин;AJA7621349;Автомат;Полный;
Porsche Cayenne GTS  AR958ES;Porsche Cayenne GTS;;AR958ES;2012;null;;;;;;;;;;;;Обычная;;;;;;;;;;;;;21.05.2026;5;300;21;2;0;;Нет;Нет;Нет;https://web.rentprog.ru/cars/63441;https://geodrive.info/geotbilisi/tproduct/19040668257 2;https://en.geodrive.info/geotbilisi/tproduct/96057264862 2;WP1AD2A23DLA77226;;AJ2606542;Автомат;Полный;
Toyota Camry ZR174ZR;Toyota;Camry;ZR174ZR;2021;Белый;sedan;2,5;202;Benzin;64;9;b;5;4;Климат 1-зонный;Кожа;Обычная;4;4;left_wheel;Есть;Есть;Нет;Есть;Нет;Есть;Есть;Нет;Есть;17.10.2026;5;100;21;2;103;AUT 0000-52175;Нет;https://partner.localrent.com/cars/89755/edit/;https://partner.localrent.com/cars/91171/edit/;https://web.rentprog.ru/cars/61936;https://geodrive.info/geotbilisi/tproduct/551804827842;https://en.geodrive.info/geotbilisi/tproduct/976727616652;4T1G11AK5MU584892;Касумов Дурсун;AJA7594738;Автомат;Передний;
Subaru Outback RR814WR;Subaru;Outback;RR814WR;2016;Синий;crossover;3,6;256;Benzin;60;13;b;5;4;Климат 2-зонный;Кожа;Люк;4;4;left_wheel;Есть;Есть;Нет;Есть;Нет;Есть;Есть;Есть;Есть;27.02.2026;5;100;21;2;58,5;AUT 0000-53629;Нет;https://partner.localrent.com/cars/92256/edit/;https://partner.localrent.com/cars/90554/edit/;https://web.rentprog.ru/cars/63899;https://geodrive.info/geotbilisi/tproduct/284620575582;https://en.geodrive.info/geotbilisi/tproduct/386610203672;4S4BSENCXG3351005;Ломия;CVA0180757;Автомат;Полный;
Kia Soul NR136NR;Kia;Soul;NR136NR;2015;Синий;hatchback;2;161;Benzin;55;7;b;5;4;Климат 1-зонный;Кожа;Обычная;4;4;left_wheel;Есть;Есть;Нет;Есть;Нет;Есть;Есть;Есть;Есть;07.09.2026;5;100;18;2;41,25;AUT 0000-53083;https://partner.localrent.com/cars/91245/edit/;https://partner.localrent.com/cars/67521/edit/;Нет;https://web.rentprog.ru/cars/62996;https://geodrive.info/geotbilisi/tproduct/246069426342;https://en.geodrive.info/geotbilisi/tproduct/323927560752;KNDJP3A55G7274789;Черкас Трофим;AJA6318397;Автомат;Передний;
Kia Sportage WT572WT;Kia;Sportage;WT572WT;2022;Белый;crossover;2,5;190;Benzin;60;7,6;b;5;4;Климат 2-зонный;Ткань;Обычная;4;5;left_wheel;Есть;Есть;Есть;Есть;Нет;Есть;Есть;Есть;Есть;27.05.2027;5;100;18;2;130,6;AUT 0000-53751;Нет;https://partner.localrent.com/cars/92249/edit/;https://partner.localrent.com/cars/96118/edit/;https://web.rentprog.ru/cars/63948;https://geodrive.info/geotbilisi/tproduct/332420181832;https://en.geodrive.info/geotbilisi/tproduct/491563488412;5XYK6CAF6PG022732;Никишова Мария;AQA1000712;Автомат;Полный;
Mazda CX-5 WG516GG;Mazda;CX-5;WG516GG;2023;Серый;crossover;2,5;187;Benzin;58;9;b;5;4;Климат 2-зонный;Кожа;Люк;4;5;left_wheel;Есть;Есть;Нет;Есть;Нет;Есть;Есть;Нет;Есть;27.05.2028;5;100;18;2;106,6;AUT 0000-53628;Нет;https://partner.localrent.com/cars/92254/edit/;https://partner.localrent.com/cars/93110/edit/;https://web.rentprog.ru/cars/63855;https://geodrive.info/geotbilisi/tproduct/133111384072;https://en.geodrive.info/geotbilisi/tproduct/304927486552;JM3KFBCM5P0274376;Никишова Мария;AQA1004670;Автомат;Полный;
BMW 430i IV430AN/;BMW;430i;IV430AN/;2019;Серый;cabriolet;2;252;Benzin;60;6;b;4;2;Климат 2-зонный;Кожа-спорт;Жесткая складная автоматическая;4;4;left_wheel;Есть;Есть;Есть;Есть;Нет;Нет;Есть;Есть;Есть;30.04.2027;5;200;18;2;110;AUT 0000-53125;Нет;Нет;https://partner.localrent.com/cars/90547/edit/;https://web.rentprog.ru/cars/63041;https://geodrive.info/geotbilisi/tproduct/491784595482;https://en.geodrive.info/geotbilisi/tproduct/763142944942;WBA4Z1C03L5N40567;Иван Сойка ;BVA1239595;Автомат;Передний;
BMW 530i QY309QY;BMW;530i;QY309QY;2017;Черный;sedan;2;252;Benzin;68;7;b;5;4;Климат 2-зонный;Кожа;Люк;4;5;left_wheel;Есть;Есть;Есть;Есть;Нет;Есть;Есть;Есть;Есть;21.05.2027;5;300;18;2;103;AUT 0000-52690;Нет;https://partner.localrent.com/cars/92255/edit/;Нет;https://web.rentprog.ru/cars/62640;https://geodrive.info/geotbilisi/tproduct/467543684442;https://en.geodrive.info/geotbilisi/tproduct/270640746961;WBAJA7C30HG905712;;AJA6228253;Автомат;Задний;
Jeep Renegade RR635WR;Jeep;Renegade;RR635WR;2016;Серый;crossover;2,4;184;Benzin;49;8;b;5;4;Кондиционер;Ткань;Обычная;4;4;left_wheel;Есть;Есть;Нет;Есть;Нет;Есть;Есть;Есть;Есть;16.04.2026;5;100;18;2;55;AUT 0000-53820;Нет;https://partner.localrent.com/cars/92252/edit/;Нет;https://web.rentprog.ru/cars/63947;https://geodrive.info/geotbilisi/tproduct/200404121942;https://en.geodrive.info/geotbilisi/tproduct/793631183602;ZACCJBCB9HPE93928;Ломия;CVA0180324;Автомат;Полный;
Hyundai Santa-Fe GG460ZG;Hyundai;Santa-Fe;GG460ZG;2018;Синий;crossover;2,4;188;Benzin;71;9;b;5;4;Кондиционер;Ткань;Обычная;4;5;left_wheel;Есть;Есть;Нет;Есть;Нет;Есть;Есть;Нет;Есть;18.04.2026;5;100;18;2;75,6;AUT 0000-53189;Нет;https://partner.localrent.com/cars/89750/edit/;https://partner.localrent.com/cars/91239/edit/;https://web.rentprog.ru/cars/63336;https://geodrive.info/geotbilisi/tproduct/985545052102;https://en.geodrive.info/geotbilisi/tproduct/837211963172;5NMS33AD6KH026799;Никишова Мария;AJA6351172;Автомат;Передний;
Hyundai Tucson GG668ZG;Hyundai;Tucson;GG668ZG;2021;Серый;crossover;2,5;190;Benzin;54;7,6;b;5;4;Кондиционер;Ткань;Обычная;4;4;left_wheel;Есть;Есть;Нет;Есть;Нет;Есть;Есть;Нет;Есть;13.05.2026;5;100;18;2;137,5;AUT 0000-53214;Нет;https://partner.localrent.com/cars/89758/edit/;Нет;https://web.rentprog.ru/cars/63338;https://geodrive.info/geotbilisi/tproduct/111351470882;https://en.geodrive.info/geotbilisi/tproduct/556070840252;KM8JA3AE2NU024292;Никишова Мария;AJA6359492;Автомат;Передний;
Mercedes GLS 450 OO700JO;Mercedes;GLS 450;OO700JO;2018;Белый;crossover;3;362;Benzin;100;12,4;b;7;4;Климат. 4 зоны;Ткань;Люк;4;6;left_wheel;Есть;Есть;Есть;Есть;Нет;Есть;Есть;Нет;Есть;02.08.2027;30;300;21;2;172;AUT 0000-54862;Нет;https://partner.localrent.com/cars/102183/edit/;Нет;https://web.rentprog.ru/cars/65311;https://geodrive.info/geotbilisi/tproduct/653136076812;https://en.geodrive.info/geotbilisi/tproduct/420264950542;4JGDF6EE3KB213843;Касумов Дурсун;AJA6676101;Автомат;Полный;
Mazda CX-30 PP692TP;Mazda;CX-30;PP692TP;2023;Синий;crossover;2;191;Benzin;48;8;b;5;4;Климат 2-зонный;Кожа;Обычная;4;6;left_wheel;Есть;Есть;Нет;Есть;Нет;Есть;Есть;Нет;Есть;25.07.2028;5;100;18;2;116,9;AUT 0000-54050;Нет;https://partner.localrent.com/cars/113385/edit/;https://partner.localrent.com/cars/96117/edit/;https://web.rentprog.ru/cars/64132;https://geodrive.info/geotbilisi/tproduct/151017335302;https://en.geodrive.info/geotbilisi/tproduct/491624177132;3MVDMBBM1PM505990;Крылов Антон;AJA6533045;Автомат;Передний;
Hyundai Kona JR983JR;Hyundai;Kona;JR983JR;2021;Черный;crossover;2;147;Benzin;50;9;b;5;4;Кондиционер;Ткань;Обычная;4;6;left_wheel;Есть;Есть;Нет;Есть;Нет;Есть;Есть;Нет;Есть;23.07.2026;5;100;18;2;79;AUT 0000-54052;Нет;Нет;https://partner.localrent.com/cars/113383/edit/;https://web.rentprog.ru/cars/64133;https://geodrive.info/geotbilisi/tproduct/561753726662;https://en.geodrive.info/geotbilisi/tproduct/551627658302;KM8K6CAB8NU853296;Крылов Антон;AJA6523757;Автомат;Полный;
Ford Mustang GT ZW648WW;Ford;Mustang GT;ZW648WW;2014;Черный;cabriolet;5;420;Benzin;68;13;b;4;2;Климат 2-зонный;Кожа-спорт;Мягкая складная автоматическая;4;4;left_wheel;Есть;Есть;Нет;Есть;Нет;Есть;Есть;Есть;Есть;07.04.2026;5;200;18;2;96,25;AUT 0000-54057;Нет;Нет;https://partner.localrent.com/cars/93112/edit/;https://web.rentprog.ru/cars/64406;https://geodrive.info/geotbilisi/tproduct/164948540912;https://en.geodrive.info/geotbilisi/tproduct/263975024002;1FATP8FF4F5329319;;DVA1072819;Автомат;Полный;
Mazda 3 NN371KN;Mazda;3;NN371KN;2021;Красный;sedan;2,5;186;Benzin;45;8;b;5;4;Климат 2-зонный;Кожа;Обычная;4;6;left_wheel;Есть;Есть;Нет;Есть;Нет;Есть;Есть;Нет;Есть;22.09.2026;5;100;18;2;75,6;AUT 0000-54450;Нет;https://partner.localrent.com/cars/107407/edit/;Нет;https://web.rentprog.ru/cars/64919;https://geodrive.info/geotbilisi/tproduct/169004869792;https://en.geodrive.info/geotbilisi/tproduct/322113744442;JM1BPBBL3M1332585;Александр Лункин;AJA7406540;Автомат;Полный;
Hyundai Tucson QQ325EQ;Hyundai;Tucson;QQ325EQ;2023;Белый;crossover;2,5;190;Benzin;54;7,5;b;5;4;Климат 2-зонный;Кожа;Обычная;4;4;left_wheel;Есть;Есть;Нет;Есть;Нет;Есть;Есть;Нет;Есть;07.11.2028;5;100;18;2;151,25;AUT 0000-54051;Нет;https://partner.localrent.com/cars/92251/edit/;Нет;https://web.rentprog.ru/cars/64194;https://geodrive.info/geotbilisi/tproduct/472324962722;https://en.geodrive.info/geotbilisi/tproduct/623125556102;5NMJFCAEXPH225051;Александр Лункин;AJA6526777;Автомат;Передний;
Toyota Camry 80  DK700DK;Toyota Camry 80;;DK700DK;2024;Grey;;;;;;;;;;;;Обычная;;;;;;;;;;;;;12.07.2029;17;100;21;2;192,5;AUT 0000-55222;Нет;Нет;Нет;https://web.rentprog.ru/cars/66047;https://geodrive.info/geotbilisi/tproduct/298929776942;https://en.geodrive.info/geotbilisi/tproduct/607870668392;4T1DAACK0SU565907;;AJA6854421;Автомат;Передний;
Kia Sportage IV 256 Blue/gray  FK256FF;Kia Sportage IV 256 Blue/gray;;FK256FF;2016;Blue;;;;;;;;;;;;Обычная;;;;;;;;;;;;;02.11.2025;12;100;21;2;55;AUT 0000-55314;Нет;Нет;Нет;https://web.rentprog.ru/cars/66067;https://geodrive.info/geotbilisi/tproduct/225381345082;https://en.geodrive.info/geotbilisi/tproduct/173632610592;KNDPMCAC4H7185458;Никишова Мария;AJA6920589;Автомат;Полный;
Porsche Boxter  LO987KI;Porsche Boxter;;LO987KI;2005;RED;;;;;;;;;;;;Обычная;;;;;;;;;;;;;09.06.2026;5;100;18;2;0;;Нет;Нет;Нет;https://web.rentprog.ru/cars/64765;https://geodrive.info/geotbilisi/tproduct/;https://en.geodrive.info/geotbilisi/tproduct/;WP0CA29885U711685;;AJA2713219;Автомат;Задний;
Volkswagen Beetle  BI355II;Volkswagen Beetle;;BI355II;2015;Blue;;;;;;;;;;;;Обычная;;;;;;;;;;;;;08.03.2026;5;100;18;2;43,3;AUT 0000-56022;Нет;Нет;Нет;https://web.rentprog.ru/cars/66144;https://geodrive.info/geotbilisi/tproduct/693556258052;https://en.geodrive.info/geotbilisi/tproduct/508264623832;3VWJA7AT5FM616136;Михалин Денис;AJA6879387;Автомат;Передний;
Toyota Corolla Cross AP589AA;Toyota;Corolla Cross;AP589AA;2022;Черный;crossover;2;170;Benzin;47;8,3;b;5;4;Климат 1-зонный;Ткань;Обычная;4;4;left_wheel;Есть;Есть;Нет;Есть;Нет;Есть;Есть;Нет;Есть;25.09.2027;13;100;21;2;123,76;AUT 0000-54632;Нет;https://partner.localrent.com/cars/102191/edit/;Нет;https://web.rentprog.ru/cars/64840;https://geodrive.info/geotbilisi/tproduct/286549556732;https://en.geodrive.info/geotbilisi/tproduct/213405503232;7MUAAABG5NV014360;Александр Лункин;AJA7433555;Автомат;Передний;
BMW X1 CX036CX;BMW;X1;CX036CX;2016;Серый;crossover;2;231;Benzin;61;6,9;b;5;4;Климат 1-зонный;Ткань;Люк;4;6;left_wheel;Есть;Есть;Есть;Есть;Нет;Есть;Есть;Есть;Есть;11.12.2025;5;100;18;2;57;AUT 0000-55796;Нет;https://partner.localrent.com/cars/96620/edit/;Нет;https://web.rentprog.ru/cars/66415;https://geodrive.info/geotbilisi/tproduct/352591562842;https://en.geodrive.info/geotbilisi/tproduct/149743246012; WBXHT3C39G5E50492;;AJA7029727;Автомат;Полный;
Kia Soul EP962EP;Kia;Soul;EP962EP;2020;Красный;hatchback;2;147;Benzin;54;7,9;b;5;4;Климат 2-зонный;Ткань;Люк;4;6;left_wheel;Есть;Есть;Нет;Есть;Нет;Есть;Есть;Нет;Есть;17.07.2027;10;100;21;2;68,75;AUT 0000-55568;Нет;https://partner.localrent.com/cars/107409/edit/;Нет;https://web.rentprog.ru/cars/66242;https://geodrive.info/geotbilisi/tproduct/506633382182;https://en.geodrive.info/geotbilisi/tproduct/105999499272;KNDJ33AU8M7760947;Крылов Антон;AJA6695571;Автомат;Передний;
Kia Soul  TS078TT;Kia Soul;;TS078TT;2019;Red;;;;;;;;;;;;Обычная;;;;;;;;;;;;;29.09.2027;;;;;68,75;AUT 0000-56905;Нет;Нет;Нет;https://web.rentprog.ru/cars/68353;https://geodrive.info/geotbilisi/tproduct/;https://en.geodrive.info/geotbilisi/tproduct/;KNDJ23AU5L7722321;;BVA1475789;Автомат;Передний;
Honda HR-V  RV933RR;Honda HR-V;;RV933RR;2024;White;;;;;;;;;;;;Обычная;;;;;;;;;;;;;07.10.2029;12;100;21;2;110;AUT0000-57628;Нет;Нет;Нет;https://web.rentprog.ru/cars/68976;https://geodrive.info/geotbilisi/tproduct/147607768192;https://en.geodrive.info/geotbilisi/tproduct/262681344362;3CZRZ2H55RM769753;;OVA0954109;Автомат;Полный;
Mercedes GLS 450  WX370WX;Mercedes GLS 450;;WX370WX;2020;Blue;;;;;;;;;;;;Обычная;;;;;;;;;;;;;24.10.2027;5;100;18;2;275;AUT 0000-58049;Нет;Нет;Нет;https://web.rentprog.ru/cars/69168;https://geodrive.info/geotbilisi/tproduct/;https://en.geodrive.info/geotbilisi/tproduct/;4JGFF5KE7LA215111;;AJA7700048;Автомат;Передний;
Buick Encore  CC760XC;Buick Encore;;CC760XC;2018;Gray;;;;;;;;;;;;Стеклянная;;;;;;;;;;;;;11.07.2027;;;;;;;Нет;Нет;Нет;https://web.rentprog.ru/cars/66996;https://geodrive.info/geotbilisi/tproduct/;https://en.geodrive.info/geotbilisi/tproduct/;KL4CJ2SB2JB535769;;BVA1380491;Автомат;Полный;
Toyota Rav 4   JU904UU;Toyota Rav 4 ;;JU904UU;2019;White;;;;;;;;;;;;Обычная;;;;;;;;;;;;;10.10.2027;5;100;18;2;123,75;AUT 0000-56490;Нет;Нет;Нет;https://web.rentprog.ru/cars/67616;https://geodrive.info/geotbilisi/tproduct/379623592222;https://en.geodrive.info/geotbilisi/tproduct/394387040852;JTMMWRFV1KD017022;;AJA7240337;Автомат;Полный;
